{"cameraMode":{"drawMode":0,"name":"Shaded","section":"Shading Mode"},"sceneLighting":true,"audioPlay":false,"sceneViewState":{"m_AlwaysRefresh":false,"showFog":true,"showSkybox":true,"showFlares":true,"showImageEffects":true,"showParticleSystems":true,"showVisualEffectGraphs":true,"m_FxEnabled":true},"in2DMode":false,"pivot":{"x":6.865403175354004,"y":0.7899999618530273,"z":-5.069036960601807},"rotation":{"x":0.38679441809654238,"y":0.2855699360370636,"z":-0.12732160091400147,"w":0.8675420880317688},"size":14.637383460998536,"orthographic":false}